id,first_name,last_name,email,DateOfJoining
1,Franny,Pattesall,fpattesall0@nymag.com,2023-03-12
2,Teodora,Piscopello,tpiscopello1@mysql.com,2022-07-14
3,Annabel,Spir,aspir2@nsw.gov.au,
4,Zorana,Redd,zredd3@diigo.com,
5,Malva,Donkersley,mdonkersley4@dyndns.org,2023-05-04
6,Cary,Durrance,cdurrance5@jigsy.com,2022-09-19
7,Farrand,Clewett,fclewett6@miibeian.gov.cn,2022-09-20
8,Cristian,Catterall,ccatterall7@gmpg.org,2023-03-27
5,Malva,Donkersley,mdonkersley4@dyndns.org,2023-05-04
9,Hermon,Garrit,hgarrit8@shinystat.com,2023-08-03
10,Astrid,Eckly,aeckly9@reddit.com,
2,Teodora,Piscopello,tpiscopello1@mysql.com,2022-07-14